elbow_angle,back_angle
66.74837422271476,72.24846742664477
65.5046124584098,72.51895740182819
64.89697757357976,74.66671520694646
64.685839061219,71.56505117707799
64.96127211460963,73.88276637239593
65.26352754071657,74.1779267229122
65.05759104689335,72.52839090667963
67.35675331856767,73.6309370702088
67.85776962397782,73.17859010995917
68.93759330357945,73.45701659543745
67.98506410217297,72.699472808055
73.49988313433018,73.78294511120426
76.79355714606561,74.07941820731918
81.07262435854814,70.7183771532165
85.15568207421455,70.53998756471391
87.517608889721,68.56416187218642
89.92792469449113,72.48354210155622
94.03364690634258,71.62217556444448
98.42599963680534,72.31059982000778
102.72231206702436,72.3736072903156
109.17756872266813,71.96975731880141
113.84538729926588,71.79608129397347
115.85714072618345,70.9921124793945
117.72655011973592,68.89809725127978
120.7961379708363,72.31813736508431
124.84263881247055,73.19497906246215
132.0201695123217,71.16358581887363
143.361038817355,74.4362310898606
148.52494872180603,74.30801146715834
151.6727154069035,73.60008563393788
153.9110225729734,74.71256557588326
156.21035404142688,76.0085538486005
159.0409752898632,72.19972166716781
159.7697271719431,72.3736072903156
160.5081420173164,70.76932762433873
162.48421937362747,70.88027367006885
162.48565568555094,69.63318785955533
164.1256903215649,68.89809725127978
163.554903849681,66.19880619383457
162.73503748927916,66.52260010790708
162.97311362794787,66.2894380806518
165.2769066423737,66.01973386821595
164.81833215274094,66.6627909354064
164.26886084828377,67.93651902164157
165.6821503076417,68.06611495893696
166.33572277318288,69.16961244472736
166.16560119296147,68.3634225661414
168.06882594486046,67.70637084030592
167.4568473411646,67.24374925977601
167.7077184661408,66.19880619383457
166.69164770192697,66.3605029159491
166.96710605806223,66.12737258836731
166.1382145973649,65.39636649069234
166.3195527007867,66.3605029159491
164.39148983159637,65.48316840882951
164.2485562174146,63.590011447085104
165.01960631688368,64.77082227833708
165.2874849709558,63.981349774012656
164.96580689916874,64.69572530808897
163.5660498681072,65.33618528753644
161.21638317442824,66.03751102542182
162.00894982897483,65.23709427606286
160.4415413952289,64.91977296680358
159.59266462043834,63.51216680785998
159.39635093761365,63.82207657707296
158.3406900203303,64.13364320590549
157.66247789384906,64.60408815082943
155.97118780527006,65.55604521958347
154.4538371339972,65.64360874720361
150.66037489400614,64.84550376896553
149.13675489199264,65.46918963248217
149.32295487037584,67.21759426951832
151.087151363429,71.21850834938742
147.65547779930768,68.26536878121196
142.91155366068017,69.67686317033706
139.74022528835687,68.66575599847522
137.04388539078673,68.96248897457819
130.75990423533278,68.03413694828738
128.71996008226822,69.46495763120346
126.08797082391504,69.80178563566622
124.9291446392006,68.46338714720953
123.0912659203466,67.21759426951832
121.30766464388762,68.06611495893696
119.62875144736005,65.89350685610007
118.04027061020986,67.24374925977601
113.21783374655124,68.03413694828738
108.71398450410356,68.52863167608541
104.25245848071508,68.7957455156856
100.97053668835514,68.33175884913209
98.31512575679189,67.17497080764325
94.7624748859977,67.7660521954888
92.42469528735552,71.1048540090993
87.95542594437549,71.2771351105209
85.92086526093718,71.79608129397347
82.59021876369191,73.30075576600638
79.39988625770962,73.65182845264876
76.11616313085779,74.23074340215824
73.03329464124131,74.28037439098412
70.74020055648079,74.77667695378548
68.7419673457585,74.72893479595874
70.15599682066109,75.25643716352927
66.23447737837688,72.59215631183
65.61094374591296,71.90951063130781
63.28262702478628,72.89727103094764
62.329560171687845,73.30075576600638
60.92384681696928,72.95096902789018
57.88749300269952,70.70995378081128
57.1896731380641,71.10942833981595
55.63356230240215,71.10942833981595
54.73723885025999,72.60248711439495
53.51947755376059,72.25532837494306
53.707566821790266,72.14377674268574
53.34987802831479,72.02617425514966
52.87753477526755,72.19972166716781
53.42955492117262,72.77656380886853
53.86375257894657,72.84324390927725
55.72207752390224,73.72503024124487
55.99549520266651,74.48577269807838
57.629030999704256,74.84221265209361
60.53672391559865,74.18080605249986
65.64619744325582,71.79608129397347
70.08239137566389,72.96507665552195
71.92044020346667,72.84324390927725
75.69675617093661,71.68010278853191
82.41702127936773,72.02617425514966
85.9476498497114,72.49283695153967
89.83444052208348,72.26232847014504
94.64192430437164,73.07248693585295
99.07008339034508,73.42389664382664
104.27954589190114,73.95341960468589
112.39719422778106,74.35775354279127
116.08637006920544,72.96507665552195
121.49591894793278,73.49563861824498
125.5212952660912,73.22877618136958
132.53523358264036,72.72238424520751
138.77123289189436,73.90235703620182
139.84936867185428,74.30801146715834
142.61106857329227,72.2061775957507
143.12811236459325,70.82099197418928
149.72909637522338,71.16358581887363
151.5434635304181,70.03222960715375
153.54352040821826,69.63318785955533
156.284970037113,68.53423857506867
159.8620342646014,68.60018986791778
160.88699012379504,69.36028082819897
162.81526723561683,69.52772048025808
162.8757245715169,67.73600488258145
161.9579602996026,66.70771246519375
162.99909938802045,67.03622694014545
163.7568172670551,67.62966747651845
165.20055619605023,67.46321248940716
165.70326349178254,69.0406195345771
164.69164814094017,69.50740523012972
165.40781052882,69.29709664117216
165.68739187434633,70.30976685162626
165.5445578550712,71.22196677755447
165.26711319847297,72.59215631183
164.19748604606443,72.9371428265386
164.40947002775152,72.8839402309292
165.6533532291905,71.85010245466182
166.65150576748044,70.99778476722005
166.29139395013385,71.62217556444448
166.20619138782342,71.10942833981595
165.71858470140145,70.43062954610099
166.31530764183174,69.50740523012972
164.65028269448862,69.40182553836706
163.68388809824913,68.39776391592606
161.71982059943556,69.40182553836706
159.98268704663386,69.12960654725639
158.486795311782,69.12960654725639
152.10014306936046,72.02617425514966
153.68834373871508,71.50758301228421
154.2819758570434,69.92524474872627
155.18537861828875,69.59011716619602
154.63984493190424,72.3736072903156
156.10344208752622,74.51583028608434
151.1187175914482,73.15782926605543
146.43598668624992,73.17439476841925
139.0097836799455,72.33367909371316
136.94040159284734,74.08061216788234
136.38991951161816,74.86116714962431
133.18769570212527,74.00296303193134
134.15282350735828,74.36500709124132
130.52073105006346,74.54651239706018
127.62302813157372,73.10361748400565
126.8680663751694,72.69067656747423
125.38972072877296,72.92475761051955
122.69091119212354,73.15782926605543
117.17417422935614,72.44645517366013
111.973673304194,72.97947438848014
109.2908731139254,72.3258288678641
105.9638914810435,72.44645517366013
103.5561772924344,72.2061775957507
99.46637414782556,72.96507665552195
95.73533829651072,72.84324390927725
93.81821316096423,71.79608129397347
93.6300939645205,71.73884977297851
91.02268569123514,71.04576830048883
85.81298008249499,70.35839773773255
83.82158591327767,70.07866787951463
80.25703066255912,69.73950886974812
77.65655095846571,71.2771351105209
75.51543066165613,72.77656380886853
75.96513825198338,73.1257004612972
74.94171044835898,73.2480296034241
74.75188457017198,74.61481164634642
72.7023433130774,73.19497906246215
69.87601168660362,72.08225078541645
67.77447687146888,72.8304148424889
65.17369588102305,73.35316042777717
63.27741608682331,73.6309370702088
62.31564321389392,73.04259088872887
60.192756468724646,73.28340917873345
58.67266722275791,70.04726494597526
55.98001800404593,69.38181187689551
54.84024613178368,68.92423228350428
55.50506386991734,69.52772048025808
55.13171842179394,70.30976685162626
56.42203520616869,70.30976685162626
57.23955750681646,70.82099197418928
58.90362813445133,70.41928833890289
61.85085324749609,70.14007690456258
64.22419246059819,69.73950886974812
67.46688919153264,69.80178563566622
69.70243022777132,70.30976685162626
73.40263332329978,70.9921124793945
78.64904010537327,71.39333606827701
81.56687467788669,70.88027367006885
83.19005878882872,72.19339445532079
87.82907463384998,70.43062954610099
90.81262313740548,71.05094531808028
95.43346358909724,70.88027367006885
99.6016360460119,70.09334896983431
101.08089905352102,69.05124094090026
103.62302418336115,70.38212059188172
106.54548118253064,70.7183771532165
109.11994863730447,70.88702626632669
114.65856318900094,70.44174846300257
120.72560656387662,70.77714317189809
124.9533402124492,71.73540482627324
128.42976030472312,70.88702626632669
136.88885709201776,73.45701659543745
137.14899393558946,73.11011715473838
141.55714072630224,72.65681451977908
144.13666307488,72.13798987476147
148.8081977876826,71.45091630909712
149.5974792187998,69.02650657867919
153.4561804900422,69.52772048025808
155.10033777844194,68.03413694828738
159.3376502538758,69.36028082819897
161.3299619754655,68.59350060352806
161.62776997883674,68.82277442670782
162.0507748634888,68.72212389964
161.1654629477879,68.75868092528974
160.29367742983865,68.82277442670782
161.82908515833708,67.44774863812503
163.68792027748952,69.09015315616084
163.95114544300918,70.44174846300257
164.8664422925855,71.16756453455898
164.18631472655062,70.04726494597526
164.1450145773793,70.39363567804858
164.31861235140974,70.12185814910437
164.92407804361096,70.07646796093356
165.0046728468097,70.25316339457389
165.15888380971364,69.84238910545518
163.14446749492663,69.58273321372538
161.42158570109015,69.54243488198145
161.35251260679843,69.38492755592196
160.12725637891714,68.97448809053117
159.56408527963583,69.75854752570673
157.81994565704812,70.39155872810973
157.89406956720623,70.3461759419467
156.47566930494074,70.67069934771423
153.69296284872996,70.67069934771423
153.06914397383204,70.3573447097415
149.71377446132905,69.7343025290525
148.2374959902246,70.82782999534228
147.4252743396431,71.03941657062038
147.88693107028416,73.26851278712914
146.2989616305026,69.98850112189426
144.96374751974733,70.70995378081128
142.4030113152866,72.47443162627714
139.38738942054064,72.52522574374433
137.73138582620624,73.5436702779673
135.8677649764183,75.13464249226027
132.61056259433678,74.80475147318012
126.93799989560456,74.31184872754862
121.51896531945668,72.52522574374433
117.9854494691692,72.5757353890151
116.02918042656026,72.4153899194275
116.52213299820386,71.8290851583371
113.10897425707506,71.93606399007389
109.89764956866938,73.05845760716345
107.36515840755364,72.68626066524784
106.5618706265297,72.63587563186496
100.97005304729451,71.77884040695511
96.30461724886784,71.35245185775035
95.54794369060342,72.25532837494306
92.69647349468724,72.94668523129906
90.75738615986684,73.00917670801384
89.15302799982486,73.65834180383477
87.4073903165144,73.44733362008874
85.213985699897,72.47443162627714
81.46782860013843,74.00746648773509
78.280548670131,72.4233507071095
75.57882979748058,73.61045966596522
75.27531955988928,74.96956947656673
72.79686904632597,76.13031356149496
71.69362553176973,76.75948008481281
69.89783673802154,77.39585271623817
68.36864593826927,75.62722131553815
67.36330260538597,75.96375653207353
65.79386078227733,76.34235749418784
64.42471875331012,77.39585271623817
61.19528805197482,76.21523602696426
59.027605895929504,76.08903864912827
56.24446538595142,74.80475147318012
55.79291184071443,77.63981901640939
54.24511381455471,77.17287657707753
54.63705153392197,77.17287657707753
53.58332889113155,76.13031356149496
54.47006432699798,76.13031356149496
55.96972151811056,75.29996836584549
57.68591818143498,75.17836574846847
60.79733386800414,77.09610252982752
63.78884152662619,76.92767650231929
68.23720140731314,77.05737573420544
72.68220383154404,76.7198153078242
77.84392741912814,77.22650089618779
83.10258776161496,78.92979742206063
85.05591258479203,78.146995832256
89.5494967588436,77.84505830277777
94.25589219537927,77.45269785007278
98.4612881425714,76.9543629370514
100.59338314013505,75.84089228970693
108.42321029009857,76.7886927502861
109.60863792455044,76.458028493527
113.31253027477754,76.458028493527
119.24490354777087,77.95296950879484
121.70996363554504,78.19011704297175
128.4334717019722,77.45269785007278
134.76852654157292,75.71590322802139
138.83148437027307,78.04935273315385
146.089094034308,79.46474279134323
149.16224357961192,78.35656850123833
153.44171727338747,78.88993571356922
158.85496700054537,77.79953127261922
160.25612106454398,75.76271953423893
161.0357478037634,75.12182177653935
163.70284897573256,75.48330004114537
165.32001081789815,76.44623590226836
165.91090066190768,75.80337688233072
165.34893697999462,74.8027850463177
164.8513108372707,74.8027850463177
165.51010251539094,74.41452573775523
165.85287949677382,75.04742094673495
166.1524453638084,75.20623643497933
166.9307485937758,75.48330004114537
166.25062653003295,75.96375653207353
166.58240345161278,75.8438074131448
166.2205586050916,76.0037675447827
166.33439394780524,75.16414648706733
166.16817962611856,76.124360959406
165.55945834670194,75.92352073846777
163.76695395389206,76.40727587485695
163.29157314419516,77.05535770872328
162.19881715803112,76.124360959406
161.83237917510138,76.64581692524618
161.44652130375215,76.64581692524618
160.22767154689296,77.29130032462055
161.53471531601494,78.46205823695065
159.18455774992466,78.59201437667237
158.33477066679683,78.36154028056959
157.10749658802126,78.9872763965841
155.8840162478055,79.95276307588159
154.15134639059826,80.53767779197439
152.80275518495037,80.31527898844587
149.4698735867559,80.95670332595138
147.9460828331366,80.53767779197439
149.54880932441185,80.14867265719194
146.41188215203582,79.89330255069866
142.99975564578378,80.03164382952617
137.0879693650603,78.22479880121195
133.7584138803424,77.19573393471325
132.09880453371002,77.52635509105068
129.38299827239365,77.03074654397129
125.4223063866362,77.65571912310999
124.16687130773244,76.7886927502861
120.23268555834906,75.84089228970693
118.2198626831123,75.84089228970693
117.0695997938403,75.47160732336415
114.4921957217098,75.79946800881227
110.93433742172444,76.2930389959202
106.90158594402487,76.16882287016612
104.72712840324344,76.33313681253374
99.64183305496351,75.67728002179645
96.29515172685733,75.26506214909006
94.2794371572808,74.89370116879921
93.15099222531812,74.89370116879921
88.8123721729085,73.93753074441062
85.34912623891996,72.959616794712
80.89551739232375,72.10051016264252
78.71297667290492,73.33320876707454
77.64385324865121,75.96375653207353
74.21083480152491,75.63136995188397
69.72473286346758,74.14807184571305
66.44646191834137,73.12191027006314
61.839646038160936,72.37198063218037
59.67198192826236,73.74669258062946
57.7579047008557,73.51387213184812
56.36622453699401,73.8902314120751
56.20330794783358,74.59489268795477
53.2425623464641,74.4301548339094
51.688835632807226,73.93753074441062
50.817869038291306,73.39875301282919
49.9134153897102,72.89727103094764
50.40723807474078,73.00917670801384
49.96992129311943,73.28448317924905
51.358096716970586,73.93753074441062
53.663339672514965,73.02278184774066
58.16034199189666,74.19748604606448
63.23053662582573,73.93493890232678
68.0389802386267,73.50185156329904
72.24838430860012,73.50185156329904
77.05449281340759,73.62037071577349
80.18575436713594,74.12716097820605
84.53665163592119,74.07886141325572
86.57938758023082,73.35147494382927
95.42933066995576,73.13134236406104
99.465991241063,73.19841152323924
105.04190226333378,72.91030168332999
108.873345190676,73.07986565822209
113.23925465125856,74.20070436766493
117.50167978322224,75.92041631377917
119.59818544506648,74.8852736148306
121.33735838912386,74.54242355472404
128.88449643371456,74.10359577547679
131.97589700157786,74.22673682437399
135.24667533648767,73.86013465658384
142.27939307369584,73.13134236406104
145.28146593210818,72.68835389115341
147.09456608344064,71.7892996583017
149.99076802551642,71.3966997139301
150.48198215218653,69.23903512657911
153.416137966865,67.61986494804043
160.29462394942223,68.19859051364818
163.37625770476862,67.00644320979833
164.33886383955962,67.67714161624492
165.6536553129716,67.7732156143502
165.0643923896668,68.03413694828738
164.27907221417723,69.29709664117216
163.281902922,69.52772048025808
163.94473849378002,69.80178563566622
164.73701212553516,69.73950886974812
167.08527730620682,69.73950886974812
167.00949203946524,69.00128096561299
167.28278887212062,67.33905299911953
166.5431147143956,67.83365417791754
164.7717365935521,67.83365417791754
162.93326173280158,68.43258597850996
162.57763262024542,68.43258597850996
162.77952064431938,69.1053061668159
161.3671963067079,68.46789889234365
159.743869482477,69.06563158055728
158.7721272730894,69.23354155258419
157.04661820801684,69.57048187583615
156.5221480532055,68.46338714720953
156.20500181472022,66.34047188823928
157.45571483821985,66.89367314172844
155.91622772069198,68.59350060352806
155.75038807953214,70.93920360171359
149.9280576085549,71.79377562880316
151.72809407018235,72.25532837494306
147.66506376504236,71.62161165180805
144.71912083398033,70.7183771532165
141.12206507191542,70.93920360171359
136.66108437596077,72.19972166716781
131.90745725325834,73.2480296034241
130.0065595950984,72.66787323368837
123.57055889624328,71.85296724363508
121.70040880496106,71.56505117707799
120.7110944433834,71.50758301228421
119.53181133408069,70.59014201919837
114.67458534159228,70.7013611324784
111.50555099163049,70.64100582430528
109.72227776444706,70.29714233858728
104.03276327674833,69.55045238920742
102.0806812194122,69.70243022777132
101.52704942664252,70.98042065637281
100.06085962106958,71.50640659211923
98.52291741062552,71.56505117707799
96.0028313385845,71.92018575830608
93.2006467397123,72.39881863221441
89.60733721157638,72.93893058214704
85.47635940396779,70.68364718049585
83.0279641022323,71.03509505161114
81.53107939905695,71.15115697672316
77.74200868771545,71.21137801783154
74.87111390093797,72.27676338311369
72.16991153031842,72.63476507636204
67.98651000733796,72.63476507636204
64.77429852366987,72.69067656747423
61.42358788863262,72.39024197003286
58.04099431387775,72.03564247997319
56.49231483527917,71.80083494695461
54.60597816865727,71.9738826243485
52.845615784536136,71.74062502847802
52.050742299679065,70.64100582430528
51.72895643423144,71.50700076177091
52.10089688936545,71.85589019942854
52.686253017357565,72.3258288678641
53.52770137692674,69.35798968436282
56.25073310935144,69.05522194715307
59.54491237224474,68.60710964801856
61.76315676640392,68.02847290335461
66.34747526218341,69.48668093171604
71.52062604615065,69.87522837787834
75.66723700792502,67.92753030283733
76.73625619563111,66.9662550884663
79.49993361164891,67.03622694014545
82.77400292063186,66.47293605257903
86.29157184286954,65.65891006330749
90.3063315083191,66.38081180854095
98.62343555408997,66.59289361936128
107.18831669648615,65.64360874720361
111.09547823894265,65.48316840882951
116.34736707848327,66.05553423323033
115.50077533801088,65.89350685610007
119.95680752098708,65.82089285331082
128.21237024068776,66.07380863191412
137.97159246621385,67.92753030283733
145.39861051084412,68.97554932983708
149.50379311656997,68.73094016077148
153.24033753501337,67.17497080764325
155.242685929903,64.91977296680358
155.52753313972988,63.43494882292201
159.34880925900407,63.58896936459436
162.0246687885165,63.81947848250652
160.705397612701,63.97400611153483
162.0359728769145,63.58794119498759
162.2994243086034,63.73930601066909
162.0183788713236,63.132199833365526
161.8463785521292,63.5859254946036
162.0452065579562,63.50964992728768
161.26374455304537,63.2872796150619
160.36731693643165,62.92791976200724
160.24064427043183,62.71428520040436
159.9391882996784,62.78797253845247
158.68428878402463,62.28631516705649
158.76934671015607,62.78797253845247
159.42420398229896,63.14739400006484
159.33419043515343,63.57927038044468
159.22651695336285,65.19059162454046
159.33414675346006,65.04231674489364
157.55972545046936,64.96344427850124
159.2854125299206,65.55604521958347
159.84021894862565,65.70507623242096
155.11227257650978,65.0321359293344
156.11001136939242,64.79887635452492
155.90704682405578,64.50911882129463
155.3938897084948,64.43377778118642
155.90996414961933,64.57785515598864
155.99783857732098,64.85815366955514
157.34018099949495,65.50326238834936
155.79304427046662,65.77949631238052
156.34241230796857,66.13423988036722
156.62492367892358,67.22053719311289
153.21204373907312,68.25830469683547
150.08281085023387,68.25830469683547
149.28580460603925,68.70773981470755
147.4340562823573,70.2256456981242
146.8930801021279,71.15062238647047
145.2740632950838,72.13643166806862
143.1769638203737,72.24276764303576
140.15712697321783,72.50767547488958
136.98001463315427,72.08590755157995
132.89944021006855,71.98023071822286
127.84879704735668,71.66866006868833
124.6389498602142,70.99573515876743
122.90633471923078,71.3057960255766
118.09208309108628,70.2256456981242
113.72902877659524,68.70773981470755
113.30793347158053,68.25830469683547
113.93544310401572,68.25830469683547
111.04548924295152,69.04422326936782
104.11339031456168,68.41102092616684
103.70877720782325,69.11622341135565
95.86988631104803,68.96248897457819
92.84921790779596,69.27027325930948
88.55080566095313,69.88960116331037
87.12829368869922,69.5793141156962
85.18567312187511,69.36647574784178
82.11278927399889,69.24920441040139
79.98812466858877,69.7174409110834
75.58043243359981,68.81865049973376
72.97984586730502,69.44395478041653
69.72157119627691,68.50795996665543
67.30169101333203,69.38492755592196
64.90800744530651,70.65396964779168
62.82118522328122,70.97439396243132
61.41519254504798,69.95904818779573
60.10032310480465,70.00233662386215
58.89273524075442,70.86306450084336
57.567298351737584,72.10556136420865
55.78911257108726,72.10556136420865
55.729614924804594,72.54344186633311
54.35472117657797,72.54344186633311
52.4832025162216,73.15163464070713
49.81890202997776,70.01689347810003
49.108112177135865,70.11822496835545
48.7669953218679,70.97439396243132
48.53816856486365,70.33479870232
49.44536701365612,70.75812172197563
50.92141874124629,70.16260979545257
51.93929200210582,71.18633104910394
54.50614009691739,71.18633104910394
55.58459730707244,70.80692820925005
57.56239264990319,69.68276873406724
62.25407197471182,70.80692820925005
64.85535120960502,71.72890901304436
66.44476795038884,72.22233530044105
67.89986652846557,72.8844903531509
69.57158854463884,73.10135130596177
72.70632532448401,73.43392410149026
74.5164403589708,72.66675729228437
74.72315348027249,71.6746032032545
75.06553198462069,68.92581576888885
77.6015419441303,69.78357013762694
80.96601343302146,70.58851314131643
81.26896145350275,70.0604423267038
84.81601050016462,70.70190322873371
92.3470675065257,72.54344186633311
96.7534983338789,72.82109676227218
101.6565000074018,75.20323775494266
107.24253295002964,74.15013678172373
108.57047858875872,71.34843300496699
112.7394955212504,72.87195252640333
115.21749672489425,74.07832905818208
117.63244180902127,74.12557323641558
119.86172563989976,72.10556136420865
121.96361747319996,72.59485494590363
128.6968089227203,72.9225170216086
132.35192146985392,74.24456040106881
139.16092716116188,76.04752223191507
141.43877787023288,75.50838058985043
147.61571876983754,76.25629261632093
150.91249766814408,76.42378575210083
151.42384523663986,74.84935381898059
149.72650867783824,73.31683202246248
151.86639794218962,73.6389225446537
153.58678122882873,74.0778195676256
155.75976445597095,73.86850396744968
155.20207817575442,74.19440645566092
158.2634789001933,73.6389225446537
158.69045531590874,73.15619144827258
161.04505674568392,73.21992091626285
161.3738548479226,73.28448317924905
161.61843759800465,73.5623038700148
161.8532593292375,73.235480055697
161.40091844671903,73.72613066530437
161.30767569709602,74.38415712595129
162.00980956657563,74.88047452674859
163.05713346942412,74.91218997314905
162.45428485000505,75.29169610031725
162.07284555783752,75.3355385115889
162.09580638050198,75.88005201965392
162.2735083524424,75.88005201965392
158.64174108035553,76.21523602696426
156.91308942125346,76.08903864912827
154.0624958576653,75.50838058985043
152.43874961063543,74.73001086397399
154.97136432098603,73.47774300835952
152.93293838434752,74.24047783310715
152.66722002306858,74.80475147318012
150.1640536889504,76.13031356149496
144.7155910314536,76.96664367408616
145.65581163200767,78.31647852606255
143.99052416267338,78.82616175818528
142.82890701206648,78.75852123237352
140.41285418004497,78.00310069207642
136.1144573971515,77.49015184658039
134.6039454858124,74.12557323641558
129.24206712269583,75.4593313006237
126.01417190749322,77.14930927544977
121.26768596608744,74.83553910026156
119.0416471161426,74.6693928300641
117.2618344895396,74.33789365467396
114.76070068542565,74.29136217098426
111.16434404891407,73.58129161510989
109.21690304827251,73.20162821869471
104.92082610521516,72.82109676227218
101.36713045686696,72.32749753117015
96.41991651393,71.9466539613467
94.31975740563036,71.89307686514287
92.6215293888976,71.34636605765502
92.62544102167836,71.45528928163252
87.18588119061116,71.29091078334477
83.38609297861818,70.96311193451508
78.95561487924765,71.45528928163252
76.32362105519572,72.28190032875425
75.14656911564035,73.28396333403904
71.98740091126137,72.11595515629656
71.03700426804303,72.9487381444465
66.72074291091033,73.50185156329904
64.8427868520751,73.78901241746347
62.099941350648464,73.4520203062155
60.31224309042427,73.40189560713897
59.22023698931566,73.18251582283506
58.0166228514016,73.64048365248159
56.45170751642265,73.18251582283506
55.726503442356304,73.50185156329904
54.64447010262016,73.40189560713897
55.628462374471,74.03027468248716
55.16547278486796,72.67745079337578
55.13221156580476,72.5623624650296
54.99033230840781,72.22867917709124
53.457866855585536,71.29091078334477
52.62604691683793,70.24052926478679
52.47728793512015,71.17146516337355
54.77881771859942,72.48354210155622
55.612392823905125,71.1048540090993
56.32691729384363,70.81348466559584
59.49221680669043,71.44859650103258
63.47567076312502,71.6233378095787
67.6968304807462,71.44740087115206
72.40881608957675,70.22197110829542
76.99694938506393,71.03509505161114
79.18282891108535,70.68364718049585
83.21319695663364,69.186350913288
89.126733444022,68.40116755819724
96.28710210534804,70.06369100064737
100.3664046962856,70.00124744366833
102.3907517842456,69.8293465881496
105.04651759329724,68.23231374666572
107.95942651683066,69.5941118520651
116.01839919936978,68.97554932983708
118.53033285904095,69.25132867925377
118.2717571128199,70.17352452453017
126.04166025639996,70.69259405417597
135.91049197420554,71.39160333301001
138.67299318943506,69.35798968436282
139.6789225709038,69.954750574579
141.6148537096975,70.40771810894847
147.07248187616037,69.8293465881496
146.80810678431158,69.954750574579
150.61282591096213,68.7681789140251
153.23002916908456,68.7681789140251
156.1614325122085,67.9321004375898
157.36706912025403,67.62966747651845
156.68470405018834,67.15757426986791
158.24169807768294,66.58788583069733
160.19826267642526,66.49425979622251
160.91496639762923,67.56087823636861
159.93668389527028,67.69805770674755
160.88982193137923,67.53200302754048
162.98584922018185,67.79652146794261
164.33560756038807,68.26536878121196
163.60691120728808,68.43258597850996
163.31003007335065,68.60018986791778
163.2088899370016,68.56416187218642
162.90646292177038,68.39776391592606
162.92782334560235,68.06611495893696
161.59655882924383,68.16533701795474
158.69652250146942,67.99930164945941
159.0105326657607,68.7681789140251
158.25434194290082,68.26536878121196
155.7934985405332,67.86450812189965
155.42028104521586,65.74786658213687
155.25596418040504,63.43494882292201
153.6741782448756,64.62843824690405
153.76091654853033,64.78939500767898
152.8585941422652,64.85521436932105
150.55498520954873,65.89350685610007
149.22345299002552,67.36634545426841
147.4900229548862,68.13142081462748
147.48728875443277,70.00124744366833
145.1070644921384,71.03509505161114
142.7846037414534,71.03509505161114
137.84322608124563,72.33367909371316
136.61417901442786,73.55662038514458
133.49657173751896,71.92018575830608
131.55700213989246,72.86969847315642
126.08120283448352,71.80083494695461
122.69496228591616,72.74624009040463
121.8955044376766,73.28281720068361
118.64388158884702,73.69490437934346
115.79956386911542,74.18382304894345
111.49501786408108,74.41559883309554
108.26133363237332,73.8224297662723
105.5242197634231,73.58921540312228
101.33392348245049,72.86969847315642
98.56432557742686,73.15782926605543
96.58376878059966,72.92475761051955
92.29251051362824,72.80145877993414
90.23701457826944,70.9329268008758
89.33460497883937,71.79608129397347
87.42326554723537,72.08225078541645
84.54748994927051,71.85010245466182
82.88445063741028,72.48354210155622
77.99542421464312,72.42874122167758
77.03712426046381,73.07248693585295
74.9759961324337,72.95096902789018
71.21696876972165,71.85296724363508
68.87552311220956,73.42389664382664
68.60866249502412,74.00416768647709
64.03006311170095,74.15455302431891
61.85111896875794,76.27155898661195
58.77939656044269,76.09387541401053
57.30980739843956,75.74996730219641
55.25888711100474,75.24759658660312
54.178583612184006,75.16861414905756
52.08590530557787,75.07976248601581
53.22625059193117,73.84266013541207
53.16263023558523,72.0483218302016
54.30507131498671,72.48300114154573
54.13655774812898,72.26178496489919
54.76425934837818,71.72584340093127
56.4987596889612,71.51135318013544
58.99037933562685,72.8092398323088
60.72256623273945,73.86441133869448
65.21441352799977,73.93493890232678
68.66442047824086,73.64960949213273
70.82336668027511,73.30075576600638
72.66319969783422,72.75854060106002
75.62268284438453,73.08678228972626
76.86256779998466,74.00746648773509
79.79760452533073,74.41106432481385
82.33692943944934,74.57783868126133
83.46705959769893,74.33789365467396
84.82276075120043,72.97279266495207
86.87317994566936,71.67254782301744
90.27892288658548,71.51135318013544
92.88079819736588,72.15793083812734
97.05876942446406,72.26836347414101
97.2660225197642,71.78085346926589
103.178693885925,71.72584340093127
105.92654378243458,71.08448274906681
108.32598709149744,71.3504612459486
111.77451174506612,71.72584340093127
114.8527124311322,72.8092398323088
116.0761897531134,73.07248693585295
118.74123685164092,72.47443162627714
124.920538079019,74.10147180192696
128.46621810704525,74.26568051447329
137.30877126910735,74.21924669048461
143.8983130644626,74.4301548339094
145.82993830495397,73.93753074441062
147.50790189239652,73.5436702779673
149.1424697396802,73.5436702779673
151.97397889638904,74.19440645566092
155.30775215340648,73.65834180383477
156.49590302642878,74.12405349477743
157.63712208992507,73.52538102603496
159.31199779717642,73.59143084583685
159.94694666403095,73.59143084583685
159.2266569756708,72.46602061936264
160.2305690658028,71.46030581019876
158.74013033359844,71.3034284313832
158.04688490046638,71.46030581019876
158.04314015588488,72.19812794850912
158.06727351670946,71.46030581019876
160.34884154086757,71.3034284313832
160.06923158446818,71.56505117707799
160.22294492171773,71.98789058174849
160.39736162204903,72.30636000652828
159.94812150350327,72.35710826924038
161.15241705694712,73.52538102603496
161.24158920289483,74.42217422568898
162.3230037027647,73.30075576600638
164.3481734265409,73.98604117267368
163.4439360909469,74.14609428800449
162.2410412197862,72.77497499572732
161.41206697502446,73.46017599877108
161.08091563213378,72.88499687099979
158.59730888878642,73.8471786112193
157.1960480003528,73.46017599877108
156.46049331689915,71.51282167512478
155.48688844066675,73.50742666036096
153.27555399670646,77.19573393471325
154.88970489713793,76.86597769360368
151.66878633029245,77.27034748742132
149.4750229106752,77.39790063972985
151.40405007743124,76.33313681253374
150.71059773047588,76.7401853290131
149.13926853508363,77.03074654397129
146.2351291016513,76.08750532347999
143.85178391266072,76.13031356149496
142.77041929892832,75.96375653207353
137.75174266347028,75.63136995188397
136.7080441619281,72.84757825978816
133.79840232095364,73.77385936586306
128.75698409017537,73.44733362008874
125.55859847627713,73.235480055697
122.5517152446879,73.02278184774066
119.24992606935756,72.69680553095097
117.67436913879344,72.5342482274522
112.6082068270307,70.76562706376043
109.78838016944133,70.59767216178189
108.45567721093994,71.99992540310409
104.4773344456764,71.67356578125688
99.0210313510152,71.4015051526151
94.6970380828154,71.83919157081121
92.61358299022244,72.78157407902044
89.46264089098968,73.93493890232678
85.88815958102667,75.23853223301427
81.86909622780998,73.16692645140147
78.00443647599226,73.4520203062155
76.02263081746416,73.66975158634523
75.06787469723929,74.72949161707781
70.72117003324736,75.15861736494318
69.64512330524519,75.62296781026484
66.51781016089281,75.40874771198011
64.4275765822779,74.89890183861456
61.18911989901192,73.15163464070713
58.9440405521786,72.6562674023406
55.60269394300246,71.5108451577603
53.414785515721725,70.91888557104642
50.85831862779392,70.75812172197563
49.58105026067445,69.80019337856591
50.29017264902178,70.38053279142451
48.59421303434573,69.22774531795417
48.595992591637895,69.36451527566881
49.621595625654784,69.42414981075488
50.26985261844852,69.14554196042165
51.65718034776598,69.18361224020978
53.16202655484671,70.09065216484365
54.22759124609818,70.25316339457389
54.66084118848075,70.16260979545257
58.38355729270637,72.4917336881136
61.3398205405414,73.26749261763129
65.29483973821051,72.4917336881136
70.70381559747044,72.32749753117015
73.07985734567585,72.10556136420865
76.17511605596425,72.69680553095097
79.35608740966629,71.29856110101959
82.6974912028453,70.71785555700075
84.04765395323227,70.33479870232
89.1192225941796,71.18987369878845
93.10381664795274,72.69680553095097
95.6246280414459,72.79760463090773
98.60864083955649,72.63587563186496
102.07527024007396,73.77385936586306
108.60496547380232,75.21265314369113
113.86917202148324,76.25629261632093
116.41065101449236,76.08903864912827
119.19137305224214,74.21924669048461
117.5921913102484,72.68626066524784
121.08718795476832,74.4301548339094
126.24462462855688,74.31184872754862
129.60324633812948,73.05845760716345
135.07898313978504,73.21992091626285
142.18631246083976,73.77385936586306
145.41277311847531,74.38415712595129
146.7903655428554,72.52522574374433
152.98933651448667,72.31327441829701
152.59425518550157,69.88960116331037
155.77906203146608,70.56915897461927
158.67698510135008,70.46836528261694
161.2092099566448,70.20112364547508
158.8645957496095,70.30137862541972
161.4958857997183,71.19335068583742
160.75731774910287,71.88394832664414
160.89146572030228,74.12405349477743
161.9200186655897,74.12405349477743
161.5864861852486,73.89372587903243
161.76677049642117,74.05460409907715
162.6177092318476,74.4939093767711
162.13661034104962,74.4033971494544
160.30490274224218,73.75329412039649
159.5123380987543,71.88101734636638
158.9845224614148,71.46030581019876
158.0822861764627,71.46030581019876
158.92504075800665,72.88499687099979
157.22217293477448,72.98271418375592
157.6626762323619,72.82409638425325
158.55036659741907,72.98271418375592
159.09746048519943,73.71329094316198
158.5016118431751,72.5573127770788
158.48220258946122,72.77497499572732
157.55103065749938,72.66574957503747
157.25391599968688,72.56643936830568
156.46980221093025,72.83572886394586
154.97902604573224,72.93399124351026
153.4413393994854,73.09327891976419
153.80459388476902,73.09327891976419
153.38516610037203,72.99582312384456
152.39582550751007,72.94668523129906
150.41851714733798,73.8003687468157
149.52108821753308,73.96207970713759
148.6004599142169,75.14471612113007
146.74038509717278,75.26506214909006
147.14942141119184,75.83938093978036
145.81987267730645,74.96956947656673
145.1008069114655,76.00524514141381
141.85159874000448,76.42378575210083
139.74402412450414,76.38319105635904
136.39614413098445,75.54585161982793
133.63719798753402,76.30128299291553
132.75596267276788,76.42956561483852
131.2268726516903,75.41569000098875
127.05933295637,74.50351029928036
124.74246996255522,71.88693419247672
117.74453947781976,72.69680553095097
114.89905046670371,71.72584340093127
111.1846107163544,71.83154125313641
109.680257403682,72.58520560093689
108.37254037389796,72.85965069524228
105.78377960160978,71.3504612459486
100.08135878374657,71.72736173301467
100.61609450473622,72.54344186633311
99.23199946759992,72.54344186633311
93.92587059674888,72.27506738869351
92.90305346665689,72.98621982987977
90.93887365470614,73.20162821869471
88.08962511154724,73.20162821869471
83.50965714163515,72.7075506001223
79.9886417431308,71.99992540310409
77.49861986481923,71.99583839408662
74.99051813628822,71.67254782301744
71.98871820594633,70.75812172197563
69.73552629170123,72.38742215707617
66.5073713003509,75.19358333251441
64.55825153699745,75.96375653207353
62.32539402598166,76.68898083113278
60.60321442497502,76.76949157859752
59.26286974121637,77.41397282300696
58.53913835341189,75.75264555113164
57.85766179013543,76.30128299291553
55.191194143481184,75.4593313006237
54.51534749558309,74.95719925394616
52.92801344121848,74.91218997314905
51.23925235769187,75.75264555113164
51.792064815063945,76.17659277268422
51.657690767851655,74.9445173514666
50.61016854193735,74.34421804115007
51.03899990269619,73.71884364238555
53.52215524502785,74.29666340889595
56.8942199738025,47.22156713293605
55.72927402751372,47.47878910857833
53.445600404062326,47.72631099390627
51.13886398746518,47.84388887013251
51.09918811730286,47.71457726900107
50.29354483781043,47.84388887013251
49.09805096727731,46.69895297144594
50.547767182106575,47.32980673877315
52.33330691369103,46.94148639091438
53.51070751587222,46.691788568264485
51.919072452668296,45.35734950056404
52.26096305236078,44.88186453954553
52.51271483309824,44.88088212689313
52.61955494266224,45.240737152721806
55.36397295927635,45.36493633573065
56.29126124520696,45.2459031232707
60.50253879163162,45.49605496039525
61.56248633638806,45.25019832019756
64.68253252792489,44.38394009160078
77.04389705810601,44.7519678718435
83.6347554443561,44.50820281205409
91.161749161592,44.50820281205409
95.11311136104864,44.0122396003602
96.48587311535611,45.0
108.03205999515563,44.62223110377101
116.4384858992168,46.14322301905744
124.35841589133835,45.12648054402731
132.29136095541435,44.87407541261372
138.92806394423346,45.640865660919886
143.32073987743004,45.25578303073927
148.52528405604147,45.25693002450352
151.5057064320397,44.1224527467826
157.02177215110694,44.249443203635735
158.30052782465924,42.670193261226856
162.32227383881846,42.308589984221605
165.6506679570529,42.75913450078647
168.5314467221531,43.25675351569421
169.67441018669862,44.236101539070006
172.09023077605022,43.87669728592457
168.67293386511952,44.492970939085225
169.86250625669447,44.8735194559727
168.45160145212023,45.0
169.0083786199624,44.12627588803282
168.60816966935909,44.49520443144418
168.4606554041476,44.49741833327897
167.95880961961896,44.62223110377101
167.59999085390467,44.62388431173557
166.63882952178622,45.0
165.8614593554869,44.749801679802445
165.3309917917935,45.62684347379453
163.77081845656622,44.7519678718435
161.4331302786103,45.12482720884886
156.8695916590619,45.49821161261364
145.4041984111423,47.93241003129039
148.00756942221287,47.88116407500376
146.34321687803313,47.58579434242449
145.17608152003262,47.41611028568133
137.9189135190445,49.54943379258548
127.921227208057,50.17216082509656
130.07761028963677,50.527540151656176
128.4996025359879,51.44953470384228
123.85376405263736,50.9061411137705
121.873409033366,49.60286826628595
120.09363252645048,49.73343833057548
118.96185045917512,49.82365819759518
115.88814567190512,50.02146104220185
108.71868590952668,50.75826016436676
108.18252139513714,50.60398544253642
108.79492576463755,50.75826016436676
103.15808504883928,49.28915332881903
94.66226701022016,49.954059007989216
96.38343132516604,49.196572269706486
92.14836762786796,48.702913539011135
91.37443690633604,48.18637297463916
88.33525221293621,48.19953970956257
87.67931606658135,47.591866705235006
87.7973079031812,46.7427416534365
89.46287891825602,46.62333252509048
86.91572088536907,46.50439183488084
86.393884782837,46.74983599313392
83.71763610802566,45.80692945510238
81.09462584665877,45.693060302711245
78.1046238060365,45.462052721430766
76.3072410490931,44.42360315246579
74.95473183233679,44.76709161007948
72.36936434577245,45.0
73.58325171739529,45.35007168967341
67.68347604472092,45.0
61.9857053008156,44.20269469590114
61.28614580384197,43.8678197248687
59.942433240877456,43.65211271980141
61.40422904833778,44.21209199482009
58.88893312071459,44.10482628978893
61.71290687352364,43.87669728592457
62.63778938208684,42.797401838234194
60.83789602058479,42.69182264854109
61.59180210429353,42.595863946246304
59.97762129402307,42.4819227958338
60.59378828544537,42.58666356715011
58.904411240328045,42.69182264854109
58.48792949966001,42.9034029374411
57.211569814964,42.9034029374411
54.79810608987378,42.56805005408243
53.0565162291123,42.89529959073277
53.11747379374486,42.797401838234194
52.15284334016364,42.9114441533046
50.67790520385201,42.595863946246304
50.49541691367269,42.70063983838352
52.31707880177162,43.017476138915626
51.55805703829101,43.12393038976049
51.26052259375405,42.38755580734066
51.84057260959933,42.604994483127655
51.2826605566014,42.38755580734066
52.25149887314161,42.28402001563073
53.72768527893321,42.078176149517226
55.52813389845633,41.35687178779396
58.87549345415176,40.65007083598512
60.98895899730354,41.05847554506834
61.63993221626766,41.47033970482051
60.61515852351004,41.97586454993353
69.39893147610321,42.38755580734066
75.73453721315639,42.69182264854109
86.8667209213823,43.13112707558771
93.31103625110632,43.7811247648687
98.23838405209256,44.66097567554856
109.23777658745124,44.54886145321272
115.33571669060012,46.36392753160292
130.08762712738192,46.36935944090719
137.61662051025664,45.80692945510238
145.6698042760388,45.90938044919914
152.25646764573338,45.5628088084733
156.23036927637338,44.43497118209255
161.56944401456937,44.32859581715002
166.3254294526734,43.35086497951302
168.88420296787464,42.70938995736147
171.11598459000786,42.943001777703365
171.81229773371584,43.04007274087363
171.86811650373093,43.04749095060039
171.07532692900406,43.06216023455888
169.77397247661955,43.17317417548056
169.19565972331225,43.06216023455888
167.75108817685387,43.264295411071615
166.23848722507287,43.59225851212593
162.99305695152393,44.239000242877765
157.58272536100284,45.10997257035167
153.4649692043714,45.66619997018314
147.17809027330628,46.2236072948755
144.3861540021381,46.79692527269598
139.54513622733742,48.40783940889338
135.5538395845501,48.62739361757168
132.00709716013392,49.1446237411043
128.0161264248219,48.61265729362129
125.57529812767972,48.98547861305169
122.116886947748,48.61265729362129
118.55405637238556,48.84505389562032
113.20454530166153,50.06361685303008
108.92659746160882,50.34475482089343
105.27606105015089,49.4892199392748
99.22472269128872,49.1446237411043
94.85075860993165,49.78348094876746
91.01960111017382,48.59804006136133
89.10041728996498,49.32701846151348
89.92222196597896,48.475232776730095
91.24547384972864,47.29979942179198
84.36931724236473,46.95120577665882
85.41794877638148,46.3585385380604
82.07107949817942,45.90222116153015
79.76826592819015,45.67403689798451
76.1195855365584,45.67669034027933
73.32193490764419,45.223810500368536
69.78804647682698,45.22293965119752
68.64607870759738,45.90222116153015
66.57151582353653,46.02100481557267
61.76427259733325,46.02100481557267
59.405940486820455,44.88831246210204
58.53124873799968,45.0
58.10080736547182,45.800487746263016
55.68832962549008,46.26282868846094
55.944277069559845,46.02915480430599
56.47088415138358,46.26282868846094
57.38957623304639,45.113009280500656
58.96542679054343,44.55412744806752
59.21123918018511,44.01034408378587
58.58938819161435,43.90670180600601
58.39480927912659,44.55757034196053
56.95400955451297,43.91085783010349
55.54031942296927,44.78047701474035
54.283092627492856,44.67259910915561
54.208124228754826,45.22036729612317
54.24217202040108,45.21952298525965
54.3417822285919,45.76976262134277
54.90328066228079,46.2188752351313
55.8737503919213,47.12939051639406
54.604828472081806,47.470051295960864
55.33890458747649,46.89063049030639
55.70135072389915,46.31691240579327
55.55523133210443,46.429348580488
55.15146729451199,46.20952005854482
54.883170813643474,45.76976262134277
54.392277945446814,45.10913468613579
56.08972592088256,45.32991446997429
57.26988729182658,44.89086531386423
62.03878431556857,44.675074676978525
66.66163576419126,44.351396241109015
68.10179531053171,44.351396241109015
70.25834142364708,44.351396241109015
71.92042260336167,43.81770334389924
77.57597194805754,43.17999882933292
81.39892447613656,43.28378598051362
90.09987633029505,43.17999882933292
94.15564388460008,43.68308759420674
99.8906109984577,44.2272714077036
103.78520188812848,44.4480346143698
112.79192382876832,44.67008553002572
118.5318681679366,46.01697803071917
129.3273280209864,47.40982324027282
135.42892366583743,47.519389291206274
139.58924025773118,47.24574256589507
147.84525970925787,47.45085263777102
151.24608016811706,47.89576197346658
155.33642420112722,48.012787504183336
160.95646942695691,49.43354620172767
163.60915586479445,48.39301106908875
166.06951101333823,47.83411101630652
168.8685033871823,47.929904640609706
171.98692494712142,49.61064931866061
172.37734436218526,48.286643051473966
174.30627153469524,49.24062420626406
173.07428117477588,48.51275876114129
173.94644440261453,47.71555122323217
173.94644440261453,47.71555122323217
174.43548887137263,47.72631099390627
173.64983758949504,46.89063049030639
169.22518528875872,49.381037831808015
170.36656644109422,49.24062420626406
171.53173086719667,50.46786483980075
170.30328789007444,49.32887506719042
168.9472279972289,49.59221201091977
166.55759518268928,49.59221201091977
163.76855694546103,49.94486629209684
158.76226696377148,50.31989391780686
154.72788436635335,50.11041756103123
151.88213748114683,49.61064931866061
150.0468570652748,50.898063321703184
143.20281269521658,50.826342029555775
141.88989731293876,50.80281966470886
135.04531015322735,51.21103105506615
131.11965654437532,52.1250163489018
128.11272256422006,50.7221938215916
123.20617069244908,51.00285636220708
121.64690582026918,51.86152203091238
113.71732940078422,50.279280055645685
107.81341130655544,50.279280055645685
103.82055845382098,50.66370625802057
98.40181444846888,51.208598547085465
97.09914041997877,48.475232776730095
99.57233833663868,49.36256800279396
97.97084951669648,48.70628929721234
96.63111193587169,48.46125387795416
92.16907518206445,48.109591263414586
90.55482643480347,47.85670131577587
86.27998370301276,47.26347707883582
86.02637107727787,46.80399511620059
82.57330956631475,46.68799219731719
77.898850730374,46.80399511620059
77.44630059892614,47.40021446085664
75.32271569586764,47.29061004263853
72.50318167899519,48.751729070525975
67.84926080237771,48.25722194066696
62.724557733066725,48.147514398805264
63.93090619721075,49.23639479905884
63.64190017055229,49.470820835495175
61.75004979132106,49.3447206540928
61.704244404678526,49.55995008741184
61.8471355912541,49.95952393443951
63.11581584838299,48.89247623515593
59.27575917813528,48.037335822952485
58.37467418305688,47.57073711069053
58.7914248347282,47.35652134578935
57.855902869706526,47.49989138805676
58.85123588191184,47.39591545032174
58.046316350739936,47.41611028568133
54.07006075261216,45.83376745513641
54.39130023585588,45.35586983062187
53.7762783851971,44.52844044592385
53.91623098414892,44.05304855322654
53.9171272840652,44.16623254486359
55.13654884256838,44.51853419416165
54.665321846098685,44.52054860120344
55.60777882511416,45.0
55.09578434834319,44.87678345981522
55.139514230558646,44.6287582438185
58.73358176839412,44.38127913212316
62.18807914944059,44.87517279115114
63.724670258971216,45.63801126195882
66.4398498141986,45.379436701418975
72.3109511033074,45.12648054402731
80.78430517541761,44.6287582438185
92.853502836576,45.25019832019756
102.83305560737034,44.6287582438185
105.09819912359896,44.625523113277175
110.68707632210146,45.62684347379453
114.30303230063356,46.00951278261639
123.82625733478062,46.29606349801712
132.0726475436841,45.25464623227285
140.9616935858486,46.02303018866783
148.00845505801573,45.12592458738628
152.92081499687404,45.0
157.33278346139764,44.62388431173557
158.64275028288952,44.74870433279106
163.45722611857997,44.255940797111286
165.61151539393944,43.30821143173552
165.78642757790772,42.47917209228983
167.4253262694686,42.23944850448481
167.64740860001046,42.11358145613539
168.89573027831105,41.86033985217974
167.93608141895308,41.98721249581666
168.1781382598493,42.69971488492504
168.01881756843247,42.95887594836741
168.2837155261226,42.604084549678255
168.52160021084302,42.6140559696112
169.04453633009683,43.04193257076595
168.34310435326785,42.689957779197584
168.40082368020367,42.816049772323694
167.36310959629552,43.05851360908562
168.01364346962515,42.93289678306472
168.1708180247887,42.78795799795165
168.9358966108297,43.03353543170424
168.69430584971457,42.915206959489765
169.00716880644063,44.61888070197887
167.9155326994275,44.00365210349507
165.0914100959233,43.65067011891259
162.13839757660398,43.05025832789311
161.31811770507483,43.05851360908562
159.87387838988604,42.71898402617888
152.88577739932757,42.8613174223337
149.54825680383863,43.32934672860003
147.1662906346319,43.53744678090215
144.64794680830116,43.05025832789311
142.5041287843122,43.05851360908562
136.69168288301296,43.43886624428248
131.0844135998367,43.43229632286973
126.09821172141989,43.67338748409573
121.24073673393455,44.0330744283557
121.12599638023929,44.15924178369121
116.90678584555602,44.40689717414118
112.88031583657812,45.95883566124951
110.82133965678368,46.91713456996244
107.9898267707637,47.15656267471479
108.08371719673308,47.28101597382112
105.62845183208005,47.51031602292505
101.8326280126629,48.08765128498506
96.11072088993984,48.56153308896312
90.41885583583364,49.06857967684541
91.51502152250606,49.65473330717824
97.54548372793164,49.61635209355101
90.37247847347652,50.129712316830926
89.45434240658426,49.76364169072618
93.13257956573864,50.5898689598278
93.91203956480392,50.69854861812418
88.93518879549191,49.65473330717824
85.36873807657935,50.06361685303008
82.19655812812783,48.79829522039212
77.07369358892693,47.31840104103132
77.66691359998696,47.42927332349997
83.79740573261563,47.891269596220575
82.5456010169445,48.218061283794206
81.98444739773763,48.12213046211571
77.84755695372047,47.85670131577587
75.75728508233199,47.27244973278294
75.40342447450583,46.92804073570538
76.0865939329714,46.81830296445184
73.43579037969445,46.71493019552655
69.72426752602941,45.89517371021108
68.92581576888884,45.22207555269347
62.34127256508893,44.67008553002572
65.0092407701557,44.66362942508988
64.9795121503954,45.916654256385286
63.29104466368605,45.916654256385286
62.34622051846318,45.92033496684906
60.5221806903138,45.67669034027933
58.95982196845657,45.11390796029312
59.97038936649716,45.340366963517454
58.24986214372722,45.45292162896121
58.106419545729935,45.7879080051799
57.03539667452365,45.33375804725283
56.63236439157697,45.778729631522616
57.1231851187268,46.35319195377969
56.22976052532646,46.58485439305051
56.60427849495353,47.519389291206274
57.01202618382332,47.8796543313146
58.78998308317934,47.73715630506069
58.93595462608899,48.19247261293202
60.98919163442503,49.39870535499554
60.624350804492025,49.899092453787766
60.452435449225455,48.89012440406182
61.20506778516723,47.91843472078156
61.53363448545622,48.26087077234571
61.91641783200202,48.2354991097544
60.94468385431731,48.69498790884001
59.90617760355551,49.39870535499554
58.812187294429584,49.76364169072618
57.27904564901999,48.4447157199551
56.54571624389683,48.56245458372015
58.166364906499325,49.05355423183141
58.56775433109642,48.81407483429036
59.27966189569435,49.573921259900864
59.45021323029862,49.45117400288657
60.72991312859915,49.43354620172767
61.10951694758403,47.30817735145892
63.01468096091735,48.22296060495237
68.10760662862641,48.35334049431791
68.42129968693082,48.41998309486111
70.94246781612519,48.5835404848214
79.51050150141164,47.74808818005375
86.3642295128605,48.9372251648241
92.44807391271752,49.685899839502696
97.45982513824735,49.18491612511842
104.00269727871546,49.666858371439
113.23513422430813,51.57299498647337
121.0311971028147,52.09575395128617
132.37593905543832,51.918386406693664
143.72284602150108,51.59991698191386
148.8197175525054,51.34019174590991
156.75360179184537,50.95410743116502
162.067632843799,49.91907238306499
165.32001081789815,50.08983650928787
171.7658784964646,50.21538566594915
171.85676997762735,50.80281966470886
171.61038154657467,50.63068275763526
171.63306339216217,50.049166467582864
172.7732458141228,49.13467137373642
172.06427723467164,48.55488866938136
172.93005655436886,48.55488866938136
172.8646227507567,49.30945966469056
171.14703764755626,49.30945966469056
170.6892947132165,49.52310666589943
169.12050170023295,50.11041756103123
169.3161149232891,49.87927378300672
168.340065881865,48.73876496767997
169.13507818794005,48.37968378332268
169.7971061195691,48.286643051473966
168.86133402368148,49.41605719562589
169.66846280973158,49.31176190198242
169.82079570245145,49.55577532875362
169.49644275904575,50.858938779663056
170.18764736859205,50.65328591564842
169.7943579898595,50.48359044446444
168.12683972459558,51.95295746817391
162.9075033336361,51.805580441864784
162.59091977099536,51.26349061433454
159.4039716888516,52.27006864537341
157.53952900502216,52.70228426626623
157.07961059189606,53.19707576551526
154.21275876146396,53.09653716788846
151.29315681699958,53.19707576551526
148.44963686622353,53.4006825363179
145.16581083719882,54.24611274556326
141.0501637548209,56.26170371477704
136.98443467543217,55.68033386560995
135.117774246648,55.876246883131046
130.03511747920604,55.58957085806767
127.52940536436378,55.39289216129544
127.5629258313608,56.26170371477704
122.38085658755035,55.6871767868139
116.81518524582692,55.53636558001445
112.05195920539995,55.20638141091433
106.33885340242182,54.64205742034492
103.63611599994756,54.362815917805975
99.84356767152178,53.88440177116376
97.48638867599078,53.64472126527316
97.11846322537995,53.302161234883854
95.11971891267864,52.89051566422848
94.67142781889204,52.61854648756894
89.50328416254143,51.947171768959706
86.86517518678869,52.48329690782255
81.65724944794016,52.61854648756894
79.2424884705015,52.18426739242686
77.9525654639622,51.52316122274743
77.27597167600736,51.39237368003703
76.19366237893023,52.05108635184987
75.49507678822806,51.44541803625969
75.08848299717242,50.76907013241585
74.19260279412094,50.49009193508465
68.294131531818,50.69903923979114
68.1234156875357,50.63068275763526
65.15205246214958,50.65328591564842
64.14793892373754,50.25641494144524
61.20978568901705,48.70946606774232
64.20127797752217,48.57633437499736
61.41658631683256,47.88455708254255
62.92081092813802,48.68062217303046
57.46084496705965,48.2354991097544
58.3220097526884,48.61862948014437
58.92065623589519,48.73876496767997
57.14581193938025,48.52669081066673
58.748775289287806,48.661935575519806
60.39959173596772,48.41998309486111
58.43756617985104,48.4473868518652
59.02360478617037,49.093943444574464
58.01770131101919,47.28149376912547
58.57003167931648,48.13477109571995
57.47897504172568,47.69290887205112
58.50463157341819,47.49989138805676
57.18354362268145,46.43808570740366
57.89339026422683,46.326612515904266
57.61771102632248,45.851466945155565
58.753602447951415,46.37283869014682
56.538007720787455,46.00951278261639
57.47402416395713,45.88922007722572
55.0844566381176,45.50928240497753
55.93346952717416,44.747597317710856
60.9495614904308,44.1224527467826
60.03924934029773,43.23372951399095
67.82423555523599,43.08659871424811
65.76276391196315,42.96367454520172
72.82910093005503,43.09507759870602
80.08003416816295,42.60881821667642
87.7016772675222,42.35745470593528
98.30711102991438,42.97267729949981
102.2335413918114,43.70977264793954
109.31703157033108,44.09879240282633
114.93429510257651,44.74421696926074
120.38487672753888,45.12760731576559
130.04189728769856,45.25578303073927
136.9091524329964,44.745353767727146
143.85439733467413,44.746480506227975
149.54837046880016,44.49741833327897
155.36450750982036,43.87669728592457
160.18731959297403,44.375887653794734
162.4534679460376,44.749801679802445
166.0878307253184,44.62223110377101
170.57465249683457,45.128178263823536
171.69090276868593,44.61888070197887
170.5504584697711,43.49914391270657
169.67850718500614,43.37058135158856
169.25761030692996,43.111811993259074
169.82366812015536,43.09507759870602
170.3668547245605,42.850835784137125
171.09494694383804,42.850835784137125
171.0128464234711,42.99921438333142
170.6539790890239,43.00790642703356
169.97546565201424,43.12825503471125
170.3038173021103,43.111811993259074
170.64034025299426,43.49256424122503
169.09795069021683,43.99048721738361
166.6193162471216,43.86682466096618
163.50979125537657,43.62115557742636
161.08438180332757,43.38471195152535
158.9415279195813,43.14441426363472
154.89176839688176,43.87669728592457
150.41902761403,44.36762193202497
147.23526613636696,44.87295856847649
145.42854597118415,44.37040139158974
143.3874485305591,44.746480506227975
142.0809200675776,45.64958417948488
140.84062872667684,45.90938044919914
138.77322539253032,45.90527557891578
133.3157424790251,46.5622249168424
131.22451168955234,46.43535699911264
128.84869493788904,46.83914082340838
124.4466866613826,46.58381157086194
120.96185621236204,46.45523797833589
118.06310495140868,46.45523797833589
115.9389974414908,45.92617903539612
114.4052626727651,45.79572355273928
108.5511379255402,44.869485921608906
100.45790695821556,44.09879240282633
98.35195162466891,44.09879240282633
97.2926847286668,43.84136691191488
96.64421883444696,43.84136691191488
93.59409606296134,44.3474566946081
88.48125289840851,44.22577983507194
83.13524821827292,44.23269168491031
82.1938361387547,44.23269168491031
80.7589506467323,44.359134339080114
74.34484106854148,44.236101539070006
73.87562702670505,44.10681967181203
75.20877013666214,43.986021277214704
73.20052163558498,43.86182299251182
68.34143020870599,43.60898511339367
66.13670097584921,43.85677698094258
64.04280718030203,43.7212886929502
62.34947929331539,43.72696997994329
59.62815458648762,43.24147143956089
61.036572123286525,42.87890360333855
59.99818867855426,42.49958943562313
58.448772626504365,42.11883592499624
54.39511277054932,41.40045329156103
52.11252753099557,40.80909247267472
51.32956066923433,40.69553103949202
54.37315888165168,40.94065363520075
54.67216389276048,41.30068050771282
56.70875950564598,42.01336300952484
59.90152892862477,42.850835784137125
57.41372903415056,41.44658088021854
55.03916547767688,41.44658088021854
55.91503129481442,41.3165136108395
57.550310786570016,41.67687955486456
57.70402361405684,41.10502183129313
56.54062325589269,39.23092986758416
57.21150837647599,38.97246970447874
62.65241515437224,39.28940686250036
65.1253308832565,39.98261426618348
65.33348789645169,41.11936024705125
69.8422462178671,41.35311400987133
76.67678024449563,40.83349511445132
84.4701500469094,40.717121534753865
92.14817354177796,40.10090754621224
99.90517931731677,39.87340347515099
107.32728447423958,39.64804185188909
113.70686896463916,40.48601154199874
121.1734771921652,40.371269332116086
129.63174189112635,40.25706513147064
137.81492339157074,39.9868862449642
144.80338556049398,39.53615718676336
150.52753823777334,39.53615718676336
156.40895727345264,38.71310663826354
160.97372757542414,38.71310663826354
168.28040090500585,38.95308329847042
170.83389137081207,38.367485384861546
169.7726284381597,38.50065372034543
168.7705402151561,38.50065372034543
166.6967858111406,38.39516450324603
166.8817994869643,38.95308329847042
167.07204367755952,38.71310663826354
167.45554490707792,38.71310663826354
167.91990891012446,39.06065838030435
167.373119825522,39.32538913504423
168.48491095239217,39.69660245317813
166.59305594147267,39.61068824002659
166.81170165277345,40.06669702990927
165.0151402609363,40.89720307675798
163.71295978267182,41.1214754971523
161.10858811486673,41.1214754971523
157.8110997454729,41.25024821419951
150.18743424321082,41.80655072671671
150.59334873149953,42.477587716560535
149.98122792117573,42.24991482508759
146.8069994199146,41.841185570419526
146.47398579667342,42.00034469350398
143.90358574994977,42.15611112986749
142.4014642831991,42.52121089142167
140.55988406799457,42.75913450078647
140.15546771190049,42.629632529131314
138.3911677681998,43.225919141182096
135.28119356686366,43.97696981133217
132.8420926733808,44.22925125460802
127.640045841168,44.09061955080086
126.12890963883206,43.96775530843427
123.10308115310104,44.870077820157576
121.5013154822887,45.12992217984243
121.96394142318796,45.0
119.36629527865648,45.0
117.49551514010662,44.35625428582463
115.01019091082549,43.84654954889464
110.02035666422417,43.24147143956089
106.6725129361846,42.87890360333855
100.84232866769588,42.88809740613401
100.04245971961323,42.66018370055386
99.61645575028405,42.41420565757551
96.54388171518008,42.65008780895352
95.63643571072409,42.039063865836255
93.3257676450496,42.0517492780673
93.03798722965706,42.039063865836255
88.57721579788512,42.41420565757551
84.36452335281922,42.92408953995885
85.8362198867431,43.27918516632713
81.91193644497588,43.63901720702393
82.4360242097552,43.62716130985319
80.66111718767502,43.01652330549069
80.16344549456103,42.27368900609373
77.07217958057272,42.26185348064484
79.1111142901071,41.53177074108286
76.65008202434359,40.33812690476117
73.8007717952324,39.89351542767162
71.41782740001173,40.31812176360104
65.27987300307107,39.32538913504423
65.27203113101899,39.21760767763596
65.58680340315631,39.34912726980062
65.08441589068417,39.56538439913746
61.763033340568825,39.24173983563324
61.55020170989447,39.26567207532732
63.56422500406818,39.053136946026505
62.33339456689592,38.53018001482683
62.22794330228327,38.50361841968632
59.79394926526793,38.09228645057373
58.435810082061366,37.962059236815335
55.68596214475151,37.990615743378754
58.08219825273392,38.26951606538434
54.55612264625234,37.42838239554596
54.65183346680424,38.04704253182609
54.11315557507543,37.548879048523936
54.54232462039432,37.77568430595466
55.59218020350134,38.17555830311311
57.70207624854597,38.9475928543353
57.56602081033569,39.39601455746358
56.131526437063386,38.76355785461662
57.01589370965275,38.9667469937993
57.85951260537894,39.84698473124973
57.97493232193885,39.84698473124973
58.679498679714975,39.23324555965453
60.86812205144994,39.25584167623283
67.35507372927228,40.23635830927382
68.58013675260675,40.93047753968976
69.19641500322416,41.185925165709655
78.11134196037203,41.54188711662008
86.22475275312968,42.12656150240648
93.57044137977562,43.22395574664126
100.44973676231048,43.7763927051245
109.07485476998272,44.441579285314845
114.90675770834744,45.44761417086056
125.71971759943938,46.45162915260831
136.17065098619736,48.17983011986424
145.296830099543,48.49893621814103
152.77165267085982,48.24813544944761
158.62057255644177,47.51807720416621
162.33400517273392,48.25194560036388
165.83304298880722,47.58302066863506
167.47467896122407,47.38594403038882
169.7143362792859,47.94404634998763
171.40362628784354,47.48018780611115
171.22133536484725,47.152962789100464
170.26806135834423,47.37695081440348
169.18724161014214,47.26475454822342
168.1322681024339,47.58302066863506
167.28868900994735,47.57335946317682
165.01977692671818,47.777096106925526
164.0491646131137,48.19162665655427
161.65690522758473,49.29986282019208
159.7222901158886,49.99794209392792
156.5505887422049,51.68386410803412
153.60745457756408,51.93135679831583
148.15809996818734,52.68398182973396
146.56499494859557,52.68398182973396
142.42953951071166,53.80679269443531
140.36719526313342,54.25655960104291
138.65266617814098,54.74364128703717
135.0345655885918,54.78240703180728
128.33515341886786,54.74364128703717
125.32675050701276,55.27403676774937
117.6145684341729,55.902944831751945
109.92071373338028,55.63377449211209
106.6989557375442,54.90055873299939
105.20915165779056,54.53846273398614
97.67841911092177,54.36768109900066
96.54540165643272,54.14033278725849
95.76356296266306,53.16250946580934
92.062505473559,53.16250946580934
89.68563260315483,53.58793559647603
88.0109584943566,53.09749235226276
84.48119003592637,52.25319461272535
85.80820039653815,52.22431569404534
87.46077815525729,52.1250163489018
82.69620925528578,51.969513751525405
80.40630086839683,51.71647210355971
79.64544576471523,51.26486867863697
75.94932652696053,51.115503566285405
72.87211129732928,50.86750606938136
69.65602366974105,50.74415832376717
68.59867149599215,50.86750606938136
69.66429850601476,50.76675444034548
68.71257649033785,50.66556699390953
66.80255931464333,50.31716155724208
69.3011896353798,50.112255024295074
66.64633071999981,49.78253248447393
63.07111019394041,49.173949376374345
61.77566175955696,49.46715906138927
60.95227314931548,49.33063793288877
60.18086199255045,49.65335158726839
60.11528516200666,49.810035024322346
58.73832047766989,50.37670542805074
58.543427304534696,50.99128744053135
58.74032034094206,51.86999230821426
57.51149020140516,51.89742755775176
56.96542662755402,52.2823040932075
56.13826366269602,52.25319461272535
55.41334578851683,52.38181842191988
55.81096631927475,52.51088880038851
56.75509197586307,52.57950977689027
57.0529283688503,52.57950977689027
57.2757661555064,52.451120951476064
57.001640341412056,51.77002845313059
58.58272434196851,51.61673789791083
61.55552193947589,50.64331828053398
63.74392395051804,50.66556699390953
66.25255312355365,50.50547785797836
66.96733915004093,50.93002762413474
70.09625046269217,50.93002762413474
72.07302857983653,50.3807223320319
77.9745140532879,49.96974072811031
83.40103511178077,49.43354620172767
91.22854021305956,50.13255443987296
99.6455558468108,50.3807223320319
103.024055853944,51.1886159632416
108.11546225748,51.568764121821125
113.63247310572626,52.025272491296334
124.72741208204133,52.47155917659239
136.49425060345706,52.86530572059464
144.88144400161937,52.57161760445403
149.6203886029142,52.80176337238526
153.24556252996524,53.46128814257137
159.4283668738801,53.42696902148067
163.29964772136736,52.67122148326199
164.60860280756967,52.64040676102675
164.60665290525947,52.36322193457774
166.90943314307285,52.39229155498453
166.81801768175245,52.51957032518949
166.9240558073282,51.36524455564388
165.63807922674692,51.115503566285405
164.04740517710678,50.913929040800575
162.49440441214847,51.014935356160414
160.7036351117761,52.70228426626623
158.90097663499725,52.44140548974371
157.5613385948714,52.80176337238526
152.8125039964193,53.2295165623949
152.04002254371468,53.13010235415598
149.66747689421155,53.5945628884355
148.13058800018004,53.99714342106506
145.12238487177365,53.862489626326536
138.62558755994758,55.04934858812487
137.60879474674948,54.77434515209222
133.31609449833604,54.81478667205227
129.03980203033262,55.65621926577553
122.31535322878857,56.78304954470735
120.1026503227227,56.309932474020215
114.4837486225187,55.93514940069945
108.90856951596948,56.357520319816025
110.72867106484972,54.97992114574456
106.54137304200762,54.56134696168039
102.00685639227667,53.88440177116376
95.7806809235136,53.64472126527316
94.5303991718772,52.85742967380195
94.17026587963004,52.99352149363979
90.54216130082318,52.89051566422848
89.8017294508058,52.244506852441184
86.08321245791734,52.41051616553028
81.83298918520279,51.900328169277294
79.3486948587669,51.10277965365579
77.83914612617765,50.97156589779643
77.44727551804888,51.07748941663898
78.69379319698409,50.92236302146647
79.2207676342227,50.9468630539735
74.56463575616837,50.68705337731503
70.45325972506429,50.66370625802057
66.41614932606241,50.429158907217136
67.99054159237687,50.51249991587797
65.8721612171716,50.36306942004672
64.84927488929921,50.34139467431178
64.94202089826126,50.0694201326125
64.80757923966902,49.92514486964063
62.963486970949305,49.90557974763608
58.87145127307253,49.55577532875362
57.21722274330802,49.67845060603845
58.21032572743356,49.59221201091977
56.3428790175334,49.59221201091977
53.68206399691207,49.573921259900864
52.20737122779179,48.964654722856125
52.731354503880965,49.71593497442955
52.33644131331842,49.46894225455147
52.71536256309845,49.25762646617903
53.15506292895276,49.27476535777068
50.6453400309549,48.921398887678095
52.16825843843732,48.905699137072126
53.162722352982016,48.661935575519806
53.76305512941436,48.41998309486111
52.78560085206945,47.94146499391111
55.12454710016771,49.028263666485145
56.41151703879966,49.27476535777068
57.21124689251861,49.028263666485145
58.58343662395479,48.78359025109984
63.50271467539705,48.78359025109984
64.46287284510812,49.416515668227625
67.03519124404825,49.57859732122346
69.7883514930878,48.95317950179725
74.62144880117101,49.0608384423904
79.13268286251474,49.54145380959222
87.87247865217245,49.18491612511842
91.82001350297594,49.32701846151348
100.88008786321608,49.32701846151348
107.41215108584828,48.79877147474159
111.32895994410362,49.77329882522315
119.98783139594003,50.40694937047157
131.6516627185501,50.557867410707246
138.75953997427823,49.48685263854841
143.2321265089957,49.71593497442955
145.17200816500178,50.65328591564842
149.48912281431188,49.173949376374345
153.17506278451708,49.05355423183141
157.06225061280713,49.173949376374345
160.73378292530032,49.10183868767084
166.80656558856856,49.381037831808015
168.04686280162488,49.24062420626406
166.4520242257773,48.51275876114129
163.46132325054333,48.49893621814103
161.3485074307045,49.78253248447393
159.82779001830258,49.78253248447393
155.50559270138595,50.21538566594915
152.18546998929517,50.004987270512885
146.5437269904611,50.11041756103123
139.66989059798078,50.51249991587797
136.42136039716527,50.79279649503216
131.30211688894747,50.76907013241585
128.0966882017633,50.429158907217136
124.30594441920196,50.68705337731503
117.69359345356828,51.60483549675397
112.4282445372956,51.13222249767931
110.34553766454351,51.730483934615656
101.93693248583116,52.28757809341556
99.3136075133549,51.49638158031369
94.4693828467287,51.49638158031369
94.59591157911012,51.49638158031369
91.89047002153086,51.62705943287244
89.46234778296741,52.75980576214823
86.30749473264677,52.72779805050159
84.77346107133786,52.49276341391264
82.92398821609345,52.35995415883198
82.80953203912418,52.35995415883198
84.40262956053868,51.730483934615656
83.45370921670596,51.59991698191386
78.12398710752417,51.62705943287244
73.62744690993317,51.59991698191386
70.61913335751257,50.97838288210311
66.80508868021516,51.21103105506615
65.51390541757688,51.08233669328205
65.07218739708681,51.15747233955365
63.93502980273307,51.10717811160511
62.69876737483074,51.10717811160511
61.62446305666693,51.18582540316621
63.90926937037453,51.236442145383386
63.30897389606674,51.08233669328205
61.22867375623789,52.19800456357724
60.13185840645874,51.879732465407066
58.19939331733657,51.36570188648296
58.25225652055452,51.62180412278484
57.902790865094445,52.37104369551241
57.20330631541258,53.09653716788846
58.52588668426653,53.030226023860976
60.37963110707089,52.73359809902287
60.56007091955896,52.70228426626623
61.1557775222789,53.06420729463738
61.2146639474086,53.19611128752469
61.39744748089007,53.2295165623949
61.186573035224384,53.06420729463738
60.92025599252011,52.93275831417207
60.70554794175598,52.54113164878128
